participant_id	visit	session	Age	Gender	ADHD	runid1	runid2
sub-7155	6	1	11	2	0	1	3
sub-7183	5	1	11	2	0	1	2
sub-7223	5	1	12	1	0	1	2
sub-7348	5	1	12	1	0	1	2
sub-7384	4	1	10	2	0	1	2
sub-7386	6	1	11	1	0	1	2
sub-7395	5	1	12	2	0	1	2
sub-7402	5	1	11	2	0	1	2
sub-7498	7	1	10	1	0	1	4
sub-7565	1	1	9	1	1	1	2
sub-7605	6	1	12	2	0	1	2
sub-7664	3	1	10	2	0	1	2
sub-7714	5	1	10	2	0	2	3
sub-7727	4	1	11	2	0	1	2
sub-7733	2	1	9	2	0	1	2
sub-7755	2	1	12	1	0	1	2
sub-7780	1	1	9	1	0	1	2
sub-7878	1	1	12	1	1	1	2
sub-7889	1	1	12	2	1	1	2
sub-7891	1	1	9	1	1	1	2
sub-7899	1	1	12	2	1	1	2
sub-7957	1	1	11	2	1	1	2
sub-7960	1	1	11	1	0	1	2
sub-7961	1	1	12	2	0	1	2
sub-7979	1	1	10	2	1	1	2
sub-8005	1	1	9	1	1	1	2
sub-8008	1	1	10	1	0	2	3
sub-8013	1	1	10	2	1	1	3
sub-8017	1	1	12	1	1	1	2
sub-8022	1	1	9	1	1	1	2
sub-8028	1	1	10	1	0	1	2
sub-8058	1	1	12	1	1	1	2
sub-8069	1	1	10	1	0	1	2
sub-8077	1	1	12	2	1	1	3
sub-8091	1	1	12	2	1	2	3
sub-8092	1	1	12	2	1	1	2
sub-8094	1	1	10	2	1	1	2
sub-8096	1	1	11	2	1	1	2
sub-8097	1	1	10	2	1	1	2
sub-8098	1	1	11	2	0	1	2
sub-8110	1	1	12	2	1	1	3
sub-8113	1	1	11	1	1	1	2
sub-8116	1	1	9	1	1	1	3
sub-8121	1	1	11	1	1	1	2
sub-8123	1	1	12	2	1	2	3
sub-8136	1	1	9	2	0	2	4
sub-8139	1	1	10	2	0	1	2
sub-8144	1	1	9	2	0	1	2
sub-8147	1	1	9	1	0	1	2
sub-8150	1	1	9	2	0	1	2
sub-8155	1	1	12	1	0	1	2
sub-8156	1	1	9	2	0	2	3
sub-8157	1	1	9	1	0	1	2
sub-8161	1	1	11	2	0	1	2
sub-8165	1	1	11	2	0	1	2
sub-8166	1	1	10	2	0	1	2
sub-8167	1	1	11	2	0	1	2
sub-8168	1	1	10	2	1	1	2
sub-8171	1	1	10	2	0	1	2
sub-8175	1	1	10	2	1	1	2
sub-8181	1	1	12	2	1	2	3
